,gram,coef
0,you,6.600864041949512
1,need,0.3779037624832069
2,to,-0.3384400244698395
3,be,0.7282259583271987
4,able,0.8933761497594164
5,to,-0.3384400244698395
6,distinguish,-0.2963278295089951
7,between,1.186433300115587
8,a,0.0
9,girl,1.3048443682983684
10,that,2.5956364761884525
11,likes,0.578253396284598
12,the,4.106362642404192
13,attention,-0.5236152854274891
14,youre,0.20929164297799469
15,giving,-0.22289005430151002
16,her,4.422993883491644
17,from,0.7491935646910143
18,a,0.0
19,girl,1.3048443682983684
20,that,2.5956364761884525
21,likes,0.578253396284598
22,you,6.600864041949512
23,most,0.7859473558470564
24,girls,2.2941800361816425
25,at,0.14708427513690725
26,a,0.0
27,party,1.4597082719236072
28,will,-6.212311400555335
29,smile,0.7237774241779933
30,and,5.157884163235344
31,talk,-2.750724543167491
32,to,-0.3384400244698395
33,you,6.600864041949512
34,if,-2.4112375355444877
35,you,6.600864041949512
36,approach,0.1994699636159098
37,them,2.2769474699152874
38,with,1.2330156991202623
39,confidence,0.3851170327111457
40,after,-0.9854403902000932
41,you,6.600864041949512
42,talk,-2.750724543167491
43,to,-0.3384400244698395
44,her,4.422993883491644
45,though,0.2751769007165097
46,you,6.600864041949512
47,need,0.3779037624832069
48,to,-0.3384400244698395
49,find,-0.14378256522405047
50,a,0.0
51,way,-0.37407583632659896
52,for,2.535015820441642
53,her,4.422993883491644
54,to,-0.3384400244698395
55,invest,0.1316853361077345
56,in,1.4228422184085494
57,the,4.106362642404192
58,interaction,0.7477483875096732
59,if,-2.4112375355444877
60,she,1.1760940161967717
61,never,-0.4871203283283589
62,invests,0.0
63,in,1.4228422184085494
64,it,3.5656956770239217
65,you,6.600864041949512
66,never,-0.4871203283283589
67,really,2.9686499928762435
68,know,1.553363331341145
69,what,0.8287684617549386
70,she,1.1760940161967717
71,wants,0.6035247751724314
72,walking,1.4818384762105534
73,away,-0.09501845144885007
74,from,0.7491935646910143
75,the,4.106362642404192
76,girl,1.3048443682983684
77,without,-0.8412753618584766
78,getting,2.018959361917522
79,any,-2.640181855368232
80,info,-0.11374718248003035
81,is,0.2630115890537353
82,a,0.0
83,good,1.2449983400307387
84,way,-0.37407583632659896
85,to,-0.3384400244698395
86,do,-1.4316319170904568
87,this,1.970257198305568
88,you,6.600864041949512
89,started,0.257350682466304
90,the,4.106362642404192
91,first,1.908201374401165
92,conversation,1.5483591719383587
93,now,0.22314244129057184
94,shes,0.5129935694723837
95,on,1.4039023628381713
96,the,4.106362642404192
97,spot,-0.5929756097656228
98,if,-2.4112375355444877
99,she,1.1760940161967717
100,doesnt,-1.433842352260131
101,come,2.0291677528754484
102,up,-0.1028174725931402
103,to,-0.3384400244698395
104,you,6.600864041949512
105,and,5.157884163235344
106,talk,-2.750724543167491
107,to,-0.3384400244698395
108,you,6.600864041949512
109,again,0.1859188823857694
110,she,1.1760940161967717
111,isnt,-0.6446984657287465
112,getting,2.018959361917522
113,your,1.2408236541430595
114,number,0.6176602234264953
115,this,1.970257198305568
116,forces,-0.04406554700053315
117,her,4.422993883491644
118,to,-0.3384400244698395
119,be,0.7282259583271987
120,more,-1.3774437178072456
121,than,0.8290797421906735
122,just,-0.9174076956601224
123,a,0.0
124,receiver,0.0
125,of,1.426071574133603
126,attention,-0.5236152854274891
127,if,-2.4112375355444877
128,youre,0.20929164297799469
129,leaving,-0.8441827931658241
130,the,4.106362642404192
131,party,1.4597082719236072
132,or,0.10317894848996327
133,think,-0.5623935107428679
134,you,6.600864041949512
135,might,-2.7996288197071766
136,not,1.222147429256653
137,see,0.3723123310276389
138,her,4.422993883491644
139,again,0.1859188823857694
140,at,0.14708427513690725
141,that,2.5956364761884525
142,party,1.4597082719236072
143,give,-1.5943672133235816
144,her,4.422993883491644
145,your,1.2408236541430595
146,contact,-0.4975965255444844
147,info,-0.11374718248003035
148,dont,-2.452063664398497
149,take,-1.8532429099814207
150,any,-2.640181855368232
151,of,1.426071574133603
152,hers,0.2684098152241671
153,shes,0.5129935694723837
154,then,-0.8190707215825365
155,forced,-1.0646550226464395
156,to,-0.3384400244698395
157,reach,-0.7790448772231403
158,out,-0.05225975630619835
159,to,-0.3384400244698395
160,you,6.600864041949512
161,if,-2.4112375355444877
162,she,1.1760940161967717
163,wants,0.6035247751724314
164,things,-0.07889328094917906
165,to,-0.3384400244698395
166,go,-2.809241590914495
167,anywhere,0.01007648469725704
168,not,1.222147429256653
169,only,-2.429183294559701
170,will,-6.212311400555335
171,this,1.970257198305568
172,tell,1.1933364181581902
173,you,6.600864041949512
174,if,-2.4112375355444877
175,shes,0.5129935694723837
176,actually,-0.8699792467333394
177,interested,0.3444687097035202
178,in,1.4228422184085494
179,you,6.600864041949512
180,it,3.5656956770239217
181,will,-6.212311400555335
182,make,-0.9398844715069145
183,her,4.422993883491644
184,more,-1.3774437178072456
185,attracted,1.2072461491604694
186,she,1.1760940161967717
187,will,-6.212311400555335
188,see,0.3723123310276389
189,that,2.5956364761884525
190,you,6.600864041949512
191,arent,-0.07633172286396255
192,desperate,-1.5466898847967023
193,and,5.157884163235344
194,that,2.5956364761884525
195,makes,1.5500754084695294
196,you,6.600864041949512
197,more,-1.3774437178072456
198,attractive,2.0592680261562366
199,girls,2.2941800361816425
200,can,-2.83784325855097
201,sense,-0.41457903692641335
202,when,1.1999935762094778
203,the,4.106362642404192
204,only,-2.429183294559701
205,reason,-2.861943345376264
206,youre,0.20929164297799469
207,talking,0.709290212699803
208,to,-0.3384400244698395
209,them,2.2769474699152874
210,is,0.2630115890537353
211,to,-0.3384400244698395
212,get,0.6755083121755938
213,their,3.2032560152351857
214,number,0.6176602234264953
215,or,0.10317894848996327
216,something,2.5177797151211894
217,like,2.8080670350026384
218,that,2.5956364761884525
219,they,0.5178283227408748
220,can,-2.83784325855097
221,see,0.3723123310276389
222,right,2.7657526199165092
223,through,-2.398060820085035
224,you,6.600864041949512
225,when,1.1999935762094778
226,you,6.600864041949512
227,walk,0.9074126306341199
228,away,-0.09501845144885007
229,without,-0.8412753618584766
230,the,4.106362642404192
231,number,0.6176602234264953
232,she,1.1760940161967717
233,realizes,0.056195029574988564
234,youre,0.20929164297799469
235,not,1.222147429256653
236,just,-0.9174076956601224
237,trying,0.02669167600292311
238,to,-0.3384400244698395
239,get,0.6755083121755938
240,her,4.422993883491644
241,number,0.6176602234264953
242,you,6.600864041949512
243,actually,-0.8699792467333394
244,just,-0.9174076956601224
245,wanted,-0.056643446039674826
246,to,-0.3384400244698395
247,talk,-2.750724543167491
248,to,-0.3384400244698395
249,her,4.422993883491644
250,that,2.5956364761884525
251,is,0.2630115890537353
252,attractive,2.0592680261562366
